{"cameraMode":{"drawMode":0,"name":"Shaded","section":"Shading Mode"},"sceneLighting":true,"audioPlay":false,"sceneViewState":{"m_AlwaysRefresh":false,"showFog":true,"showSkybox":true,"showFlares":true,"showImageEffects":true,"showParticleSystems":true,"showVisualEffectGraphs":true,"m_FxEnabled":true},"in2DMode":false,"pivot":{"x":26.811256408691408,"y":-3.0220117568969728,"z":0.17178940773010255},"rotation":{"x":0.16640430688858033,"y":-0.7581119537353516,"z":0.21254771947860719,"w":0.5937595367431641},"size":8.008659362792969,"orthographic":false}